<?xml version="1.0" encoding="UTF-8"?>
<project-private xmlns="http://www.netbeans.org/ns/project-private/1">
    <editor-bookmarks xmlns="http://www.netbeans.org/ns/editor-bookmarks/2" lastBookmarkId="0"/>
    <open-files xmlns="http://www.netbeans.org/ns/projectui-open-files/2">
        <group>
            <file>file:/C:/Users/Thanusan/Desktop/Challenge%202/Challenge%202/src/challenge/pkg2/Banner_XXL_Monitor.jpg</file>
            <file>file:/C:/Users/Thanusan/Desktop/Challenge%202/Challenge%202/src/challenge/pkg2/Challenge2.java</file>
            <file>file:/C:/Users/Thanusan/Desktop/Challenge%202/Challenge%202/src/challenge/pkg2/JsonReader.java</file>
            <file>file:/C:/Users/Thanusan/Desktop/Challenge%202/Challenge%202/src/challenge/pkg2/indexnumber.java</file>
            <file>file:/C:/Users/Thanusan/Desktop/Challenge%202/Challenge%202/src/challenge/pkg2/MAT-Result.jpeg</file>
            <file>file:/C:/Users/Thanusan/Desktop/Challenge%202/Challenge%202/src/challenge/pkg2/Result.java</file>
            <file>file:/C:/Users/Thanusan/Desktop/Challenge%202/Challenge%202/src/challenge/pkg2/thu.png</file>
        </group>
    </open-files>
</project-private>
